Cost type, 30 days, 45 day, 60 days, 100 days
Transportation, 44164.1$, 44164.1$, 44164.1$, 44164.1$
Food and drinks, 341186$, 511779$, 682372$, 1.13729e+06$
Accomodation, 954298$, 1.43145e+06$, 1.9086e+06$, 3.18099e+06$
Make-up, 330479$, 495719$, 660959$, 1.1016e+06$
Castle, 62237.4$, 92958.1$, 120815$, 193595$
Total, 1.73237e+06$, 2.57607e+06$, 3.41691e+06$, 5.65764e+06$
